id,client_id,card_brand,card_type,card_number,expires,cvv,has_chip,num_cards_issued,credit_limit,acct_open_date,year_pin_last_changed,card_on_dark_web,current_age,retirement_age,birth_year,birth_month,gender,address,latitude,longitude,per_capita_income,yearly_income,total_debt,credit_score,num_credit_cards,transaction_id,date,card_id,amount,use_chip,merchant_id,merchant_city,merchant_state,zip,mcc,errors,CLASS_fraud_label
5057,1735,Mastercard,Credit,5129342889760157,04/2024,444,YES,2,$11900,10/2006,2015,No,56,66,1963,5,Male,9291 Jefferson Drive,27.64,-80.39,$17942,$36583,$56310,614,6,15037119,2014-09-28 15:27:00,3336,$99.18,Online Transaction,9932,ONLINE,,,5311,,No
2624,1648,Visa,Debit,4559856655520965,04/2021,475,NO,2,$5921,04/2009,2010,No,66,69,1953,5,Female,211 Valley Street,40.76,-74.59,$91180,$185909,$461854,621,5,18972269,2017-01-20 08:57:00,1187,$55.89,Swipe Transaction,36934,Morris Plains,NJ,7950.0,7538,,
2049,1104,Visa,Debit,4860568003530350,06/2005,137,YES,1,$14383,03/2003,2011,No,91,66,1928,3,Male,120 Lafayette Boulevard,26.23,-80.13,$18266,$40141,$805,850,6,23504558,2019-09-07 08:44:00,4768,$14.36,Swipe Transaction,20519,Miami,FL,33126.0,5942,,No
2539,1077,Mastercard,Debit,5324493090826390,11/2014,819,YES,2,$17034,04/2007,2007,No,57,54,1962,12,Female,886 Plum Boulevard,39.12,-123.28,$17899,$12044,$10323,576,3,11267025,2012-06-16 01:36:00,4104,$3.00,Swipe Transaction,59397,Arcata,CA,95518.0,5812,,
2253,1098,Mastercard,Debit,5547459880579017,02/2020,116,YES,2,$16868,03/2010,2010,No,50,71,1969,3,Male,772 Fifth Boulevard,42.67,-95.3,$16901,$34456,$54634,752,4,8989227,2011-01-06 10:31:00,4626,$14.51,Swipe Transaction,79664,Alta,IA,51002.0,5814,,
3329,1520,Visa,Debit,4185031026466058,01/2018,48,YES,2,$24544,06/2006,2013,No,67,65,1952,10,Male,8787 Rose Avenue,37.72,-122.44,$22549,$47213,$1082,789,5,17900081,2016-06-05 15:56:00,2956,$53.89,Chip Transaction,49789,San Francisco,CA,94112.0,5541,,No
4689,711,Visa,Debit,4460024958657540,01/2020,704,YES,2,$9562,09/2008,2011,No,39,60,1980,10,Male,6757 Eighth Avenue,39.01,-89.78,$20056,$40894,$51844,657,1,8956238,2010-12-29 13:07:00,4689,$60.00,Swipe Transaction,27092,Belleville,IL,62221.0,4829,,No
2127,1905,Visa,Credit,4646061658785929,02/2015,856,YES,1,$6700,03/2006,2012,No,36,68,1983,12,Male,9340 Valley Street,27.48,-82.57,$13972,$28489,$6087,808,4,16727281,2015-09-27 22:06:00,4806,$32.67,Chip Transaction,94123,Parrish,FL,34219.0,5310,,No
2560,629,Mastercard,Debit,5164347231652886,04/2024,14,YES,2,$24739,04/2008,2011,No,72,70,1947,5,Male,4388 Hillside Street,39.27,-76.83,$39053,$57513,$11755,793,5,9128479,2011-02-08 10:35:00,124,$29.61,Swipe Transaction,61195,Ellicott City,MD,21043.0,5541,,
90,852,Amex,Credit,377759808724051,10/2023,360,YES,1,$10300,01/2006,2013,No,35,68,1985,1,Female,955 11th Street,29.82,-82.59,$19693,$40156,$70128,738,3,20712395,2018-01-23 18:15:00,4187,$40.16,Chip Transaction,50783,Keystone Heights,FL,32656.0,5411,,No
5588,161,Visa,Debit,4764927598078199,12/2016,254,YES,1,$11168,11/2009,2009,No,31,70,1988,11,Male,237 Hill Lane,31.56,-97.18,$11512,$23469,$22976,731,3,21147261,2018-04-26 06:35:00,3096,$2.38,Chip Transaction,50783,Waco,TX,76708.0,5411,,No
2258,702,Visa,Credit,4071413558241551,04/2021,58,YES,1,$20100,03/2010,2017,No,46,68,1973,7,Female,33 Tenth Street,40.84,-73.4,$34873,$71103,$136853,721,4,13896469,2014-01-22 08:52:00,2258,$160.00,Swipe Transaction,27092,Littleton,MA,1460.0,4829,,
5018,1859,Visa,Debit,4441559114756148,03/2022,974,YES,1,$15374,10/2004,2016,No,68,66,1952,1,Male,530 Federal Drive,41.44,-74.42,$22621,$38689,$8942,836,5,7994012,2010-05-11 11:33:00,2419,$8.49,Swipe Transaction,64908,Middletown,NY,10940.0,5812,,No
3920,1417,Visa,Debit,4551485171901900,11/2018,892,YES,2,$15285,07/2009,2009,No,54,68,1965,3,Female,336 Catherine Lane,42.63,-83.61,$25838,$52680,$87082,835,5,17348792,2016-02-07 16:11:00,2975,$17.92,Swipe Transaction,40230,Highland,MI,48357.0,5812,,
3810,1921,Mastercard,Credit,5454401798231056,12/2024,360,YES,1,$2900,07/2007,2012,No,44,65,1975,3,Male,704 Third Avenue,34.12,-83.22,$15726,$32064,$9833,709,3,11141910,2012-05-18 16:48:00,3810,$17.10,Swipe Transaction,48919,Elberton,GA,30635.0,5311,,
3036,275,Amex,Credit,325342510254113,07/2024,179,YES,2,$15600,05/2010,2019,No,43,58,1977,2,Female,973 River Street,29.56,-95.02,$37415,$76288,$120771,710,4,17173783,2016-01-01 09:10:00,63,$9.38,Chip Transaction,50867,South Houston,TX,77587.0,5541,,
2733,1484,Visa,Credit,4941415000431974,11/2022,50,YES,2,$12800,04/2014,2014,No,92,72,1927,8,Female,290 Forest Street,32.28,-110.73,$30818,$57732,$2261,726,6,14873294,2014-08-24 02:10:00,4764,$40.00,Swipe Transaction,27092,Tucson,AZ,85705.0,4829,,
5073,665,Discover,Credit,6073415333610129,09/2019,544,YES,1,$9500,10/2007,2011,No,81,65,1939,1,Female,374 Lexington Street,41.23,-80.81,$12406,$11613,$427,790,8,23293187,2019-07-24 15:24:00,2798,$1.90,Online Transaction,39021,ONLINE,,,4784,,No
2891,1026,Visa,Credit,4683287791246500,05/2018,517,NO,1,$6200,05/2005,2013,No,84,70,1935,5,Male,2116 Second Drive,36.52,-119.39,$13194,$17016,$691,714,4,7526984,2010-01-14 08:02:00,2870,$4.01,Swipe Transaction,15921,Dinuba,CA,93618.0,5812,,
105,783,Mastercard,Credit,5084097673104529,10/2007,908,YES,2,$5600,01/2006,2008,No,62,61,1957,9,Male,641 Martin Luther King Avenue,35.31,-106.55,$15966,$29769,$14542,693,3,15571372,2015-01-22 14:00:00,5795,$8.06,Chip Transaction,13956,Bernalillo,NM,87004.0,5300,,No
979,1102,Mastercard,Debit,5940949386888214,01/2019,618,YES,2,$39080,02/2000,2017,No,49,65,1970,7,Female,836 Bayview Avenue,36.12,-95.91,$46461,$94733,$0,707,5,15836202,2015-03-21 03:52:00,5651,$180.00,Chip Transaction,27092,Grove,OK,74344.0,4829,,No
2336,1515,Visa,Credit,4780949143263441,08/2023,540,YES,2,$7700,03/2014,2014,No,77,67,1942,12,Female,7239 Hill Lane,40.34,-76.42,$20983,$30457,$19314,520,5,23310255,2019-07-28 07:36:00,5558,$13.41,Chip Transaction,83480,Lebanon,PA,17042.0,9402,,No
2653,1983,Mastercard,Debit,5340780229634197,07/2023,257,YES,1,$47211,04/2010,2010,No,50,67,1969,3,Male,655 George Boulevard,33.55,-117.78,$69236,$141161,$0,773,3,21393219,2018-06-17 10:10:00,2653,$10.81,Chip Transaction,58854,Laguna Beach,CA,92651.0,5411,,No
4201,4,Mastercard,Debit,5693655667464241,12/2023,500,YES,2,$9683,08/2007,2016,No,54,72,1965,3,Female,6016 Little Creek Boulevard,47.61,-122.3,$37485,$76431,$115362,716,5,15794686,2015-03-11 21:25:00,303,$42.78,Swipe Transaction,25887,Seattle,WA,98122.0,5814,,
444,811,Mastercard,Debit,5064137987234665,02/2020,599,YES,2,$53549,01/2020,2020,No,91,68,1929,2,Female,5492 Maple Drive,38.9,-94.68,$51642,$84694,$2149,741,7,12048708,2012-12-09 14:55:00,4358,$103.45,Swipe Transaction,32175,Overland Park,KS,66221.0,7538,,No
2156,285,Visa,Debit,4141516913053061,05/2020,962,YES,1,$20723,03/2007,2013,No,62,69,1957,8,Male,702 Elm Drive,36.95,-121.72,$16920,$34496,$33122,731,5,7577313,2010-01-27 06:51:00,5747,$80.00,Swipe Transaction,27092,San Jose,CA,95111.0,4829,,No
5111,1619,Mastercard,Credit,5105294422027242,03/2024,831,YES,1,$8300,10/2008,2010,No,31,66,1988,6,Male,693 Seventh Street,33.61,-96.6,$15737,$32086,$53595,747,4,19239992,2017-03-18 08:15:00,3015,$1.54,Chip Transaction,52021,Sherman,TX,75090.0,5411,Bad PIN,
2044,1074,Mastercard,Credit,5291527325386659,07/2022,396,YES,2,$4800,03/2003,2011,No,62,65,1957,6,Female,1305 Spruce Boulevard,44.66,-103.85,$16097,$32819,$25393,826,5,16201797,2015-06-07 14:24:00,4108,$50.75,Chip Transaction,43293,Little Rock,AR,72227.0,5499,Insufficient Balance,
2541,921,Mastercard,Debit,5535356277127261,04/2021,557,YES,1,$33980,04/2007,2010,No,74,66,1945,5,Male,960 Mill Lane,42.98,-77.67,$26072,$54013,$3628,779,8,11263450,2012-06-15 08:59:00,4675,$88.22,Swipe Transaction,20302,Rush,NY,14543.0,5300,,No
3627,1397,Amex,Credit,339750311058511,06/2020,70,YES,2,$13600,06/2018,2018,No,32,72,1987,4,Male,5381 12th Boulevard,36.88,-94.87,$17845,$36388,$92949,710,4,8187271,2010-06-27 18:40:00,2957,$5.00,Swipe Transaction,50867,Salina,OK,74365.0,5541,,No
3399,1983,Mastercard,Credit,5634102457746992,02/2020,250,YES,1,$17700,06/2008,2009,No,50,67,1969,3,Male,655 George Boulevard,33.55,-117.78,$69236,$141161,$0,773,3,10526119,2011-12-29 11:16:00,2653,$64.96,Swipe Transaction,63383,San Luis Obispo,CA,93405.0,7349,,
1671,1190,Mastercard,Debit,5944674876283297,08/2024,993,NO,1,$23805,02/2020,2020,No,49,65,1970,8,Female,4480 Essex Drive,33.0,-80.17,$21769,$44383,$42369,707,7,8773296,2010-11-16 06:13:00,5358,$23.52,Online Transaction,39021,ONLINE,,,4784,,No
3159,1089,Visa,Debit,4171386450929978,10/2020,702,YES,1,$32269,05/2014,2014,No,31,75,1988,9,Female,2725 Jefferson Drive,38.22,-85.74,$25258,$51501,$140481,729,3,14009477,2014-02-16 05:51:00,2682,$21.13,Swipe Transaction,33120,Louisville,KY,40299.0,5813,,No
1933,197,Visa,Credit,4021220662934810,02/2020,943,YES,2,$8000,02/2020,2020,No,32,60,1987,5,Male,1867 Bayview Street,37.86,-84.65,$15757,$32128,$58373,724,5,16202601,2015-06-07 16:54:00,1302,$97.64,Online Transaction,17976,ONLINE,,,4900,,No
3554,348,Visa,Credit,4877073763902898,07/2014,786,YES,2,$13300,06/2012,2012,No,49,70,1970,7,Female,480 Seventh Lane,40.22,-74.76,$22747,$46377,$79980,719,3,20211871,2017-10-09 18:13:00,3073,$40.00,Chip Transaction,27092,Lakewood,NJ,8701.0,4829,,No
2952,141,Visa,Debit,4385951951421354,02/2022,796,YES,2,$17235,05/2007,2007,No,70,66,1949,7,Male,744 Lafayette Street,31.02,-96.48,$17356,$23082,$23406,638,5,14287110,2014-04-17 21:32:00,4219,$13.30,Swipe Transaction,32175,Victoria,TX,77905.0,7538,,No
974,511,Mastercard,Debit (Prepaid),5117090980312402,10/2020,42,YES,1,$73,02/2000,2012,No,66,68,1953,10,Male,153 Tenth Lane,32.21,-110.88,$17460,$35602,$55369,661,5,19247513,2017-03-19 19:08:00,974,$34.72,Swipe Transaction,8021,Tucson,AZ,85746.0,5651,,No
5301,1086,Amex,Credit,318192766245088,11/2024,192,YES,2,$5400,10/2015,2015,No,57,64,1962,12,Female,442 Burns Boulevard,42.02,-71.21,$37407,$76274,$102611,698,2,8661363,2010-10-20 08:15:00,2947,$108.46,Swipe Transaction,99912,Mansfield,MA,2048.0,8043,,
1622,0,Mastercard,Debit,5691786126216800,06/2021,451,YES,2,$31008,02/2020,2020,No,33,69,1986,3,Male,858 Plum Avenue,43.59,-70.33,$29237,$59613,$36199,763,4,15557595,2015-01-19 13:38:00,1271,$43.30,Chip Transaction,16256,Scarborough,ME,4074.0,5211,,No
114,1695,Visa,Debit,4038689742921264,12/2021,770,YES,3,$2851,01/2006,2007,No,45,66,1974,12,Female,238 Ocean View Lane,33.94,-117.99,$27973,$57027,$21798,709,4,8763111,2010-11-13 16:13:00,3060,$49.63,Swipe Transaction,86410,Buena Park,CA,90620.0,5211,,No
375,1769,Visa,Credit,4214195908881404,10/2023,598,YES,2,$9900,01/2018,2018,No,75,65,1944,7,Male,177 Mill Boulevard,39.69,-74.25,$21861,$46031,$8332,661,5,14474807,2014-05-29 06:31:00,5599,$56.34,Swipe Transaction,22204,Guadalajara,Mexico,,5541,,
4170,327,Visa,Debit,4783291966220802,03/2022,215,YES,2,$15720,08/2005,2011,No,44,67,1975,7,Male,7485 Seventh Street,44.41,-71.97,$18069,$36843,$52248,772,5,22792417,2019-04-09 15:32:00,3062,$53.91,Online Transaction,39021,ONLINE,,,4784,,No
2955,814,Amex,Credit,304032329695965,07/2020,406,YES,2,$14300,05/2008,2012,No,72,65,1948,1,Male,9380 Hill Drive,27.98,-80.66,$15318,$16302,$14408,748,4,12198763,2013-01-12 10:36:00,4536,$3.27,Swipe Transaction,46127,Palm Bay,FL,32905.0,5411,,No
2322,52,Visa,Debit,4343642801597529,08/2013,754,YES,2,$23014,03/2013,2013,No,56,66,1963,4,Female,13 Rose Boulevard,41.56,-73.59,$31288,$63796,$82173,730,3,17774853,2016-05-10 01:28:00,4976,$184.80,Online Transaction,59350,ONLINE,,,7922,,
2955,814,Amex,Credit,304032329695965,07/2020,406,YES,2,$14300,05/2008,2012,No,72,65,1948,1,Male,9380 Hill Drive,27.98,-80.66,$15318,$16302,$14408,748,4,13686634,2013-12-07 10:45:00,4536,$4.09,Swipe Transaction,25717,Palm Bay,FL,32905.0,5812,,
1156,1529,Visa,Debit,4294047917295712,05/2023,325,YES,2,$38171,02/2008,2011,No,51,69,1968,4,Male,310 Birch Avenue,26.23,-80.13,$37424,$76305,$112785,692,3,7916288,2010-04-22 06:27:00,1156,$4.99,Swipe Transaction,47680,Pompano Beach,FL,33076.0,5812,,No
4286,1902,Amex,Credit,398823738054759,09/2020,162,YES,2,$12200,08/2009,2011,No,36,68,1984,2,Female,4350 Valley Boulevard,39.74,-81.51,$15950,$32522,$28260,769,2,15573526,2015-01-23 06:27:00,3056,$61.11,Chip Transaction,75781,Bellaire,OH,43906.0,5411,,No
129,639,Mastercard,Debit,5903118148557393,11/2022,939,NO,3,$14156,01/2007,2018,No,55,73,1965,2,Female,82 Jefferson Avenue,41.12,-83.01,$18462,$37645,$46298,654,4,11867941,2012-10-29 18:52:00,5016,$36.25,Swipe Transaction,27601,Sandusky,OH,44870.0,7538,,No
4127,370,Mastercard,Debit,5606824501502078,06/2014,451,YES,1,$15377,08/2004,2011,No,61,58,1958,11,Male,381 Fifth Lane,34.07,-117.62,$16113,$41904,$12545,655,4,11971348,2012-11-22 07:49:00,5376,$14.14,Swipe Transaction,61195,Ontario,CA,91764.0,5541,,No
3881,379,Mastercard,Debit,5400182448188961,10/2021,412,YES,1,$24232,07/2009,2009,No,47,65,1972,11,Female,837 Lincoln Avenue,30.68,-88.04,$21331,$43496,$114563,765,3,14435245,2014-05-20 10:45:00,3881,$-83.00,Swipe Transaction,22204,Mobile,AL,36693.0,5541,,No
4425,1543,Mastercard,Debit,5125741393893480,08/2022,13,YES,2,$47709,08/2014,2014,No,31,68,1988,10,Female,5857 12th Avenue,34.14,-118.46,$51976,$105963,$106266,684,4,7638619,2010-02-11 12:24:00,3864,$95.81,Swipe Transaction,32175,Sherman Oaks,CA,91403.0,7538,,
2055,845,Mastercard,Debit,5032880040092416,06/2024,626,YES,1,$11203,03/2004,2008,No,58,72,1961,8,Male,860 Seventh Avenue,30.42,-86.61,$18005,$36710,$116794,786,5,18144681,2016-07-27 15:22:00,4491,$66.87,Chip Transaction,48919,Fort Walton Beach,FL,32547.0,5311,,No
4941,1495,Visa,Debit (Prepaid),4980389315137738,08/2022,222,YES,2,$22,10/1999,2016,No,52,70,1967,12,Male,469 Mountain View Boulevard,39.77,-86.14,$31114,$63433,$122550,770,7,16801657,2015-10-13 18:51:00,2099,$97.49,Swipe Transaction,75936,Indianapolis,IN,46256.0,5814,,
3653,177,Mastercard,Debit,5764898909630971,04/2020,255,YES,2,$25392,07/1998,2014,No,54,66,1965,12,Female,294 Bayview Lane,35.1,-90.0,$28570,$58248,$107130,728,4,22932013,2019-05-09 09:46:00,2681,$15.36,Chip Transaction,83271,Memphis,TN,38109.0,4214,,No
26,1195,Mastercard,Credit,5899977049289049,10/2020,747,YES,2,$10200,01/2002,2011,No,75,68,1944,7,Male,1222 First Drive,44.01,-92.47,$23553,$40696,$15691,801,6,12945219,2013-06-27 11:11:00,3309,$18.88,Swipe Transaction,7517,Rochester,MN,55904.0,5812,,No
3993,1323,Mastercard,Debit,5376527370326171,09/2023,565,YES,1,$19267,07/2012,2012,No,36,68,1983,3,Female,28 Second Boulevard,32.34,-108.7,$15407,$31414,$42233,719,4,16986799,2015-11-22 14:21:00,3993,$42.05,Chip Transaction,26909,Roswell,NM,88201.0,5211,,No
4135,1313,Mastercard,Credit,5533719099929402,09/2007,945,YES,2,$6000,08/2004,2010,No,35,67,1985,1,Male,9853 Sussex Street,40.61,-79.83,$14798,$30172,$39959,653,2,21594587,2018-07-29 17:29:00,4183,$67.43,Chip Transaction,60569,Pittsburgh,PA,15211.0,5300,,
2460,460,Mastercard,Debit,5024786214713145,09/2022,877,YES,1,$38354,04/2004,2010,No,65,65,1954,12,Male,696 George Lane,41.02,-73.8,$44664,$40957,$64144,608,4,9019222,2011-01-13 11:51:00,5470,$20.27,Swipe Transaction,22204,Katonah,NY,10536.0,5541,,No
4132,872,Mastercard,Debit,5495672050218584,02/2022,792,YES,1,$12566,08/2004,2015,No,61,66,1959,1,Female,96 Lake Lane,41.88,-87.84,$15451,$31505,$59730,655,4,14605495,2014-06-26 16:17:00,4132,$120.00,Swipe Transaction,27092,Maywood,IL,60153.0,4829,,No
4566,1971,Visa,Debit,4328249998295607,11/2023,853,YES,1,$4589,09/2004,2012,No,48,66,1971,9,Male,829 Grant Boulevard,43.45,-76.5,$20447,$41690,$69869,763,2,15004304,2014-09-21 13:29:00,3293,$76.00,Swipe Transaction,61195,Oswego,NY,13126.0,5541,,No
102,1129,Mastercard,Debit,5874992802287595,05/2020,256,YES,1,$14802,01/2006,2008,No,49,65,1970,4,Male,2379 Forest Lane,33.18,-117.29,$16894,$34449,$36540,686,3,11838086,2012-10-23 00:53:00,2677,$80.00,Swipe Transaction,27092,Vista,CA,92084.0,4829,,No
1043,351,Visa,Credit,4839347876295447,03/2024,844,YES,1,$7200,02/2004,2015,No,91,70,1928,9,Female,984 Little Creek Lane,40.77,-73.84,$13810,$17150,$375,807,6,13518390,2013-10-31 09:55:00,1112,$2.92,Swipe Transaction,90329,Flushing,NY,11355.0,5411,,No
5605,356,Mastercard,Debit,5464831011600293,09/2024,462,YES,1,$21808,11/2010,2010,No,50,73,1969,10,Female,24 River Avenue,27.19,-80.24,$20315,$41420,$0,691,5,19520595,2017-05-16 16:15:00,3132,$39.82,Chip Transaction,20519,Childersburg,AL,35044.0,5942,,No
4114,1844,Mastercard,Debit,5214643602729093,05/2024,474,YES,1,$21058,08/2003,2007,No,79,72,1941,2,Male,829 Birch Boulevard,27.8,-97.39,$23608,$37503,$14272,706,5,12117210,2012-12-25 06:48:00,2854,$8.85,Swipe Transaction,75781,Corpus Christi,TX,78413.0,5411,,
3383,1459,Mastercard,Debit,5197434740318528,08/2023,239,NO,2,$12708,06/2008,2008,No,53,65,1967,2,Male,9385 Birch Street,35.11,-106.62,$15385,$31369,$0,707,3,11454841,2012-07-28 10:53:00,177,$192.08,Swipe Transaction,30286,Rio Rancho,NM,87144.0,4814,,No
3530,1931,Visa,Credit,4333340134035074,03/2024,27,YES,1,$17300,06/2011,2011,No,58,72,1961,6,Male,8996 Third Street,42.41,-71.16,$40694,$82974,$181429,503,2,19595474,2017-06-01 12:25:00,3530,$12.55,Chip Transaction,50867,Arlington,MA,2476.0,5541,,
5226,1913,Amex,Credit,356204311290241,12/2022,312,YES,2,$16700,10/2011,2011,No,60,57,1960,1,Female,561 Martin Luther King Avenue,42.47,-83.49,$34259,$31121,$32768,619,5,21863068,2018-09-24 17:00:00,3084,$16.11,Chip Transaction,2177,Bryan,TX,77802.0,5411,,No
3167,862,Mastercard,Credit,5170494527481348,05/2022,731,NO,1,$3800,05/2015,2015,No,25,67,1995,1,Female,8482 Elm Lane,32.42,-96.67,$21032,$42883,$65917,807,3,19647978,2017-06-12 14:49:00,3167,$98.47,Online Transaction,79050,ONLINE,,,4900,,No
5275,1837,Mastercard,Debit (Prepaid),5825065723069699,09/2021,940,YES,1,$83,10/2013,2013,No,66,66,1953,5,Female,56 Tenth Boulevard,33.97,-118.24,$11649,$24947,$1767,766,4,10697263,2012-02-06 14:02:00,2256,$46.11,Swipe Transaction,60706,Los Angeles,CA,90001.0,5912,Insufficient Balance,
4593,1008,Amex,Credit,398596768092162,04/2009,360,YES,1,$20600,09/2006,2008,No,52,69,1968,2,Female,38688 First Avenue,41.83,-87.68,$22296,$45462,$68494,657,5,13054057,2013-07-21 06:03:00,5850,$30.98,Swipe Transaction,19593,Chicago,IL,60630.0,7538,,No
344,1775,Mastercard,Debit,5309940542589432,02/2020,924,YES,2,$17201,01/2015,2015,No,26,67,1993,8,Male,2484 Norfolk Drive,38.91,-75.43,$18622,$37968,$55982,788,3,17896743,2016-06-05 06:13:00,344,$43.14,Online Transaction,39021,ONLINE,,,4784,,
2476,1519,Discover,Credit,6106487579112176,08/2010,762,YES,1,$14200,04/2005,2011,No,41,72,1978,3,Female,98086 Essex Drive,45.6,-108.68,$19625,$40012,$59472,849,4,17560777,2016-03-25 06:20:00,4210,$38.34,Chip Transaction,86410,Laurel,MT,59044.0,5211,,
1011,1849,Discover,Credit,6737538441360610,08/2024,595,YES,1,$10600,02/2003,2007,No,39,66,1980,11,Female,364 12th Drive,47.13,-122.4,$20345,$41483,$64098,721,2,23244601,2019-07-14 10:36:00,5904,$52.64,Chip Transaction,19964,Tacoma,WA,98445.0,5311,,
2942,951,Visa,Credit,4609960492769091,03/2023,512,YES,2,$5400,05/2007,2013,No,57,66,1962,9,Female,381 Catherine Avenue,33.91,-118.23,$13075,$26664,$12241,709,4,15330505,2014-12-01 13:39:00,2032,$16.28,Online Transaction,16798,ONLINE,,,4121,,No
289,1788,Visa,Debit,4762069063483783,03/2023,474,YES,2,$26255,01/2011,2011,No,59,66,1960,9,Female,420 Littlewood Drive,29.71,-90.59,$20521,$41845,$90940,673,4,14611449,2014-06-27 22:50:00,2538,$80.00,Swipe Transaction,27092,Covington,LA,70433.0,4829,,
2307,1541,Visa,Debit,4513747100786400,11/2023,697,YES,1,$17383,03/2012,2012,No,48,65,1971,10,Female,7139 Lake Boulevard,36.09,-84.13,$18353,$37422,$127116,681,5,20671652,2018-01-15 07:15:00,3253,$0.75,Chip Transaction,98374,Clinton,TN,37717.0,5411,,No
4048,1823,Visa,Debit,4597236520104139,03/2020,389,YES,1,$31842,07/2016,2016,No,67,70,1952,5,Male,172 Third Lane,33.27,-111.94,$32056,$65362,$27745,743,6,18300395,2016-08-30 01:18:00,5177,$72.14,Swipe Transaction,20519,Chandler,AZ,85249.0,5942,,
1289,40,Visa,Debit (Prepaid),4569310605904110,07/2021,990,YES,2,$58,02/2011,2011,No,71,74,1948,6,Male,2786 Forest Lane,39.92,-83.79,$14342,$29243,$30686,726,4,19549899,2017-05-22 21:54:00,3648,$14.51,Swipe Transaction,30055,Frankfort,OH,45628.0,7832,,No
5590,1551,Visa,Debit (Prepaid),4841863549456234,04/2024,875,YES,2,$63,11/2009,2009,No,47,70,1972,12,Male,148 Hillside Boulevard,40.15,-89.36,$17510,$35699,$63264,687,5,14564788,2014-06-17 16:01:00,2988,$58.98,Online Transaction,96246,ONLINE,,,4784,,No
3252,908,Mastercard,Debit,5076319230738343,01/2023,951,YES,1,$3630,06/2003,2009,No,62,70,1957,8,Male,3776 Bayview Lane,35.69,-78.62,$22685,$46256,$106753,650,3,16159872,2015-05-29 15:52:00,5154,$49.98,Chip Transaction,114,Garner,NC,27529.0,7349,,No
2212,511,Mastercard,Debit,5355281784290567,06/2020,810,YES,1,$8367,03/2009,2009,No,66,68,1953,10,Male,153 Tenth Lane,32.21,-110.88,$17460,$35602,$55369,661,5,21438655,2018-06-27 06:03:00,2212,$2.63,Chip Transaction,75781,Tucson,AZ,85711.0,5411,,
4150,140,Mastercard,Debit,5793675314684781,06/2022,43,YES,1,$24608,08/2005,2009,No,37,72,1983,2,Female,108 Washington Street,36.28,-86.83,$20657,$42120,$72801,739,4,10973152,2012-04-10 10:59:00,4150,$21.21,Swipe Transaction,93292,Whites Creek,TN,37189.0,4121,,No
4822,282,Visa,Debit,4179763879293617,02/2022,245,NO,1,$4302,09/2011,2015,No,42,66,1977,5,Male,260 Spruce Avenue,29.45,-98.5,$12547,$25585,$59827,702,4,11393615,2012-07-14 12:40:00,4822,$47.93,Swipe Transaction,54850,San Antonio,TX,78221.0,4814,,
3280,1156,Visa,Debit,4129256843458775,08/2022,936,YES,2,$88743,06/2004,2010,No,56,69,1963,6,Female,9603 South Lane,40.74,-74.33,$137428,$280199,$91367,752,5,16246977,2015-06-17 08:35:00,3280,$36.49,Chip Transaction,43293,Short Hills,NJ,7078.0,5499,,No
778,1645,Visa,Debit,4756811014064559,05/2020,369,NO,2,$30393,01/2020,2020,No,62,65,1957,11,Female,58 Federal Lane,41.47,-81.85,$29692,$60541,$160456,716,3,7977302,2010-05-07 09:49:00,5878,$1.09,Swipe Transaction,85881,Big Prairie,OH,44611.0,5411,,No
5879,1610,Mastercard,Credit,5771046456944706,10/2023,53,YES,2,$6600,12/2007,2008,No,42,66,1978,1,Female,12150 Mill Boulevard,32.32,-90.2,$13717,$27967,$50159,690,2,22159589,2018-11-26 14:59:00,5879,$12.62,Chip Transaction,13523,Meridian,MS,39305.0,5310,,
4012,646,Mastercard,Debit,5084129042406429,05/2022,379,YES,2,$15822,07/2013,2013,No,38,65,1981,12,Female,354 Federal Street,41.47,-81.67,$21402,$43634,$73037,786,3,22325570,2018-12-31 17:28:00,6090,$27.59,Chip Transaction,75781,Cleveland,OH,44120.0,5411,,No
4864,659,Visa,Debit,4623542302475012,11/2019,482,YES,2,$17649,09/2013,2013,No,57,67,1962,5,Male,5079 Sussex Avenue,38.73,-86.47,$15981,$32583,$12501,812,7,10950077,2012-04-05 07:23:00,5658,$2.31,Swipe Transaction,8797,Mitchell,IN,47446.0,5912,,
1016,1888,Mastercard,Debit,5552351757816493,02/2020,588,YES,2,$30074,02/2003,2006,No,75,59,1944,6,Female,7854 Plum Avenue,44.65,-93.17,$28429,$41513,$15899,748,3,10013482,2011-09-02 11:50:00,1016,$74.14,Online Transaction,9932,ONLINE,,,5311,,
4309,810,Visa,Credit,4906111160520305,08/2022,595,YES,1,$6900,08/2009,2010,No,77,65,1942,5,Female,239 West Drive,37.68,-85.22,$16521,$22540,$16946,705,6,21461717,2018-07-01 17:45:00,4309,$147.09,Online Transaction,17976,ONLINE,,,4900,,
2969,1703,Mastercard,Credit,5745606898714105,06/2022,753,YES,2,$10600,05/2008,2019,No,47,65,1972,8,Female,1532 Birch Drive,39.08,-108.55,$24115,$49169,$65994,747,2,12927990,2013-06-23 13:47:00,2969,$1.97,Swipe Transaction,14528,Selden,NY,11784.0,5499,,No
125,546,Amex,Credit,391488790203553,06/2020,195,YES,1,$17900,01/2007,2010,No,51,68,1969,1,Male,599 East Lane,41.68,-71.66,$25111,$51196,$26617,681,3,23033425,2019-05-30 20:22:00,4495,$24.56,Chip Transaction,25887,Coventry,RI,2816.0,5814,,No
3911,275,Visa,Credit,4348372675855427,05/2023,727,YES,2,$6200,07/2009,2010,No,43,58,1977,2,Female,973 River Street,29.56,-95.02,$37415,$76288,$120771,710,4,12584367,2013-04-08 12:39:00,3911,$13.67,Swipe Transaction,50783,Seabrook,TX,77586.0,5411,,No
19,115,Mastercard,Debit,5610743457688598,01/2023,310,YES,2,$46184,01/2001,2014,No,61,69,1958,7,Male,386 11th Lane,40.93,-73.72,$49546,$101018,$78115,748,6,16387270,2015-07-17 08:28:00,38,$15.12,Swipe Transaction,70400,Centreville,VA,20120.0,5812,,No
4104,1077,Visa,Debit (Prepaid),4849525193834905,05/2020,704,YES,2,$33,08/2001,2009,No,57,54,1962,12,Female,886 Plum Boulevard,39.12,-123.28,$17899,$12044,$10323,576,3,11158040,2012-05-22 12:47:00,2539,$41.71,Swipe Transaction,81410,Ukiah,CA,95482.0,5211,,
5869,1742,Visa,Debit (Prepaid),4792307130049695,02/2020,221,YES,2,$12,12/2006,2013,No,58,67,1961,11,Female,444 Maple Avenue,40.05,-86.03,$24638,$50232,$1218,751,4,18977119,2017-01-21 09:12:00,4559,$180.36,Online Transaction,17976,ONLINE,,,4900,,
2586,1133,Visa,Debit,4874200877830198,04/2023,234,YES,2,$21442,04/2008,2015,No,30,66,1989,10,Female,781 Federal Street,43.11,-77.8,$22855,$46599,$12700,684,4,22020007,2018-10-28 02:24:00,5211,$118.47,Swipe Transaction,86616,Oswego,NY,13126.0,4814,,
224,1575,Mastercard,Debit,5107151477861238,06/2021,365,YES,1,$23016,01/2010,2010,No,51,68,1968,5,Female,23 12th Boulevard,27.19,-82.49,$28272,$57646,$127892,724,4,21837785,2018-09-19 11:02:00,5582,$120.00,Chip Transaction,27092,Osprey,FL,34229.0,4829,,No
5695,948,Visa,Debit,4948154067393861,03/2024,688,YES,2,$11795,11/2013,2013,No,53,65,1966,12,Female,1540 El Camino Avenue,26.74,-80.12,$18205,$37119,$55010,718,5,16714376,2015-09-25 09:19:00,5695,$86.24,Online Transaction,72813,ONLINE,,,6300,,No
3402,665,Visa,Debit,4528444090805864,01/2022,349,YES,2,$7233,06/2008,2011,No,81,65,1939,1,Female,374 Lexington Street,41.23,-80.81,$12406,$11613,$427,790,8,11309546,2012-06-25 15:12:00,5073,$2.70,Online Transaction,39021,ONLINE,,,4784,,No
